<?xml version="1.0" encoding="UTF-8"?>
<!DOCTYPE hibernate-configuration PUBLIC
	"-//Hibernate/Hibernate Configuration DTD 3.0//EN"
	"http://www.hibernate.org/dtd/hibernate-configuration-3.0.dtd">
	
	<hibernate-configuration>
	<session-factory>
	<property name="connection.driver_class">com.mysql.cj.jdbc.Driver</property>
	<property name="connection.url">jdbc:mysql://localhost:3306/emp</property>
	<property name="connection.username">root</property>
	<property name="connection.password">12345678</property>
	<property name="hbm2ddl.auto">update</property>
	
	<property name="dialect">org.hibernate.dialect.MySQLDialect</property>
	<property name="show_sql">True</property>
	<property name="format_sql">True</property>
	<property name="cache.use_second_level_cache">true</property>
	<property name="cache.region.factory_class">org.hibernate.cache.ehcache.EhCacheRegionFactory.class</property>
	
	<property name="hibernate.current_session_context_class">thread</property>
	
	<mapping class="com.person.Information.Person"/>
	<mapping class="com.person.Information.Adhar"/>
	
	</session-factory>
	</hibernate-configuration>